feature_num,RT,MZ
3840,2364.325113,531.5816082
10166,8541.168202,872.3433323
11938,4255.357762,379.201328
