,S_mean_std,A_mean_std,count,L2_norm
0,0.00516507979619238,49141654940.68085,100,
1,0.0051650797961925055,72943015263.14595,100,
2,0.005165079796192553,10167528781.105408,100,
3,0.0051650797961922635,5214842311.279085,100,
4,0.005165079796192463,25844049981.53381,100,
5,0.005165079796192414,79293817662.64241,100,
